,course_organization,course_Certificate_type,course_rating,course_difficulty,course_students_enrolled
0,(ISC)²,SPECIALIZATION,4.7,Beginner,5.3k
1,University of Pennsylvania,COURSE,4.7,Intermediate,17k
2,Johns Hopkins University,COURSE,4.5,Mixed,130k
3,Yale University,COURSE,4.7,Mixed,91k
4,Indian School of Business,COURSE,4.8,Mixed,320k
5,University at Buffalo,COURSE,4.7,Beginner,39k
6,deeplearning.ai,COURSE,4.8,Beginner,350k
7,deeplearning.ai,COURSE,4.8,Intermediate,2.4k
8,IBM,SPECIALIZATION,4.7,Beginner,61k
9,deeplearning.ai,COURSE,4.7,Intermediate,12k
10,deeplearning.ai,COURSE,4.6,Intermediate,4k
11,deeplearning.ai,SPECIALIZATION,4.7,Intermediate,13k
12,Amazon Web Services,SPECIALIZATION,4.6,Beginner,130k
13,Amazon Web Services,COURSE,4.3,Beginner,11k
14,Amazon Web Services,COURSE,4.7,Beginner,27k
15,Amazon Web Services,COURSE,4.7,Beginner,110k
16,Amazon Web Services,COURSE,4.5,Intermediate,13k
17,University of Toronto,COURSE,4.7,Mixed,6.6k
18,"University of California, Irvine",SPECIALIZATION,4.7,Beginner,540k
19,University of Illinois at Urbana-Champaign,SPECIALIZATION,4.7,Intermediate,22k
20,(ISC)²,COURSE,4.6,Beginner,2.9k
21,University of Pennsylvania,COURSE,4.5,Mixed,80k
22,University of Michigan,COURSE,4.8,Intermediate,9.9k
23,University of Pennsylvania,SPECIALIZATION,4.7,Beginner,110k
24,Universidad Nacional Autónoma de México,COURSE,4.8,Mixed,23k
25,Yale University,COURSE,4.8,Beginner,9.2k
26,University of Colorado Boulder,SPECIALIZATION,4.5,Intermediate,78k
27,IBM,SPECIALIZATION,4.4,Advanced,320k
28,National Research University Higher School of Economics,SPECIALIZATION,4.5,Advanced,190k
29,Google Cloud,SPECIALIZATION,4.5,Advanced,35k
30,Erasmus University Rotterdam,COURSE,4.7,Advanced,29k
31,Duke University,COURSE,4.8,Mixed,14k
32,Yale University,COURSE,4.7,Beginner,21k
33,University of Virginia,SPECIALIZATION,4.7,Beginner,94k
34,University of Virginia,COURSE,4.7,Beginner,69k
35,Atlassian,COURSE,4.7,Beginner,40k
36,ScrumTrek,COURSE,4.9,Beginner,12k
37,University of California San Diego,COURSE,4.7,Intermediate,220k
38,Stanford University,SPECIALIZATION,4.8,Intermediate,150k
39,University of Colorado System,SPECIALIZATION,4.8,Intermediate,14k
40,Yale University,COURSE,4.9,Beginner,18k
41,University of Pennsylvania,COURSE,4.8,Beginner,23k
42,Copenhagen Business School,COURSE,4.7,Beginner,69k
43,"University of California, Irvine",SPECIALIZATION,4.6,Beginner,270k
44,Macquarie University,SPECIALIZATION,4.6,Beginner,7.9k
45,University of Michigan,SPECIALIZATION,4.8,Beginner,30k
46,Yale University,COURSE,4.8,Intermediate,36k
47,University of Michigan,COURSE,4.8,Beginner,20k
48,University of Pennsylvania,COURSE,4.8,Mixed,8.1k
49,Vanderbilt University,SPECIALIZATION,4.5,Beginner,120k
50,The University of Edinburgh,COURSE,4.8,Mixed,71k
51,Stanford University,COURSE,4.5,Advanced,11k
52,Universidad Nacional Autónoma de México,COURSE,4.8,Beginner,11k
53,Technical University of Denmark (DTU),COURSE,4.6,Intermediate,63k
54,IBM,SPECIALIZATION,4.6,Beginner,220k
55,IBM,COURSE,4.7,Intermediate,42k
56,University of Michigan,SPECIALIZATION,4.5,Intermediate,480k
57,University of Michigan,COURSE,4.6,Intermediate,150k
58,University of Michigan,COURSE,4.6,Intermediate,97k
59,Universidad Austral,SPECIALIZATION,4.2,Beginner,6.6k
60,Universidad Nacional Autónoma de México,COURSE,4.8,Mixed,200k
61,University of California San Diego,COURSE,4.9,Beginner,180k
62,Google Cloud,SPECIALIZATION,4.5,Intermediate,4.2k
63,Google Cloud,SPECIALIZATION,4.7,Intermediate,310k
64,Google Cloud,SPECIALIZATION,4.5,Beginner,3.9k
65,Arizona State University,PROFESSIONAL CERTIFICATE,4.9,Beginner,150k
66,The Museum of Modern Art,COURSE,4.8,Mixed,79k
67,The Museum of Modern Art,COURSE,4.8,Mixed,31k
68,National Arts Strategies,COURSE,4.6,Mixed,15k
69,Università Bocconi,COURSE,4.8,Mixed,15k
70,University of Virginia,COURSE,4.9,Beginner,10k
71,The University of Edinburgh,COURSE,4.7,Mixed,66k
72,Pontificia Universidad Católica de Chile,COURSE,4.8,Intermediate,33k
73,"University of California, Davis",COURSE,4.6,Mixed,56k
74,Autodesk,SPECIALIZATION,4.8,Intermediate,7.3k
75,Autodesk,SPECIALIZATION,4.8,Intermediate,9.2k
76,Autodesk,COURSE,4.7,Advanced,22k
77,Autodesk,COURSE,4.7,Advanced,9.7k
78,National Taiwan University,COURSE,4.6,Beginner,13k
79,University of Amsterdam,COURSE,4.6,Beginner,180k
80,"University of California, Santa Cruz",COURSE,4.8,Intermediate,91k
81,"University of California, Santa Cruz",COURSE,4.8,Intermediate,29k
82,Google - Spectrum Sharing,COURSE,4.9,Mixed,210k
83,Michigan State University,SPECIALIZATION,4.7,Beginner,28k
84,University of Colorado System,SPECIALIZATION,4.7,Intermediate,4.2k
85,Case Western Reserve University,COURSE,4.7,Beginner,6.5k
86,University of Cape Town,COURSE,4.8,Beginner,61k
87,Duke University,COURSE,4.4,Mixed,55k
88,University of Michigan,COURSE,4.6,Mixed,2.3k
89,Universitat Autònoma de Barcelona,SPECIALIZATION,4.5,Beginner,8.8k
90,Emory University,COURSE,4.6,Beginner,35k
91,University of California San Diego,COURSE,4.4,Beginner,88k
92,Johns Hopkins University,SPECIALIZATION,4.8,Beginner,14k
93,University of Colorado Boulder,COURSE,4.8,Intermediate,1.9k
94,University at Buffalo,SPECIALIZATION,4.6,Intermediate,68k
95,INSEAD,SPECIALIZATION,4.7,Beginner,21k
96,INSEAD,SPECIALIZATION,4.6,Beginner,1.6k
97,ConsenSys Academy,COURSE,4.7,Beginner,31k
98,HEC Paris,COURSE,4.9,Beginner,9.5k
99,London Business School,COURSE,4.9,Beginner,57k
100,IE Business School,SPECIALIZATION,4.6,Beginner,26k
101,"University of California, Irvine",COURSE,4.7,Mixed,84k
102,University of Alberta,COURSE,4.9,Beginner,15k
103,Hebrew University of Jerusalem,COURSE,4.9,Mixed,95k
104,Google Cloud,COURSE,4.5,Intermediate,7.3k
105,Google Cloud,COURSE,4.5,Beginner,22k
106,Google Cloud,COURSE,4.6,Intermediate,5.8k
107,Google Cloud,COURSE,4.3,Intermediate,24k
108,HEC Paris,COURSE,4.5,Mixed,67k
109,University of Pennsylvania,SPECIALIZATION,4.6,Beginner,280k
110,Arizona State University,SPECIALIZATION,4.7,Intermediate,38k
111,University of Washington,SPECIALIZATION,4.7,Intermediate,120k
112,University of Washington,COURSE,4.7,Intermediate,77k
113,University of Pennsylvania,SPECIALIZATION,4.7,Beginner,510k
114,HEC Paris,COURSE,4.7,Mixed,13k
115,Rice University,SPECIALIZATION,4.7,Beginner,110k
116,University of Pennsylvania,SPECIALIZATION,4.7,Beginner,24k
117,University of Virginia,SPECIALIZATION,4.7,Beginner,89k
118,Indian School of Business,SPECIALIZATION,4.5,Beginner,67k
119,Google Cloud,COURSE,4.7,Beginner,10k
120,University of Colorado Boulder,COURSE,4.8,Beginner,48k
121,University of Pennsylvania,SPECIALIZATION,4.5,Beginner,160k
122,"University of California, Santa Cruz",COURSE,4.5,Beginner,31k
123,University of Colorado System,SPECIALIZATION,4.7,Beginner,36k
124,Johns Hopkins University,COURSE,4.9,Beginner,220k
125,Osmosis,COURSE,4.8,Beginner,32k
126,Michigan State University,COURSE,4.7,Mixed,130k
127,Pontificia Universidad Católica de Chile,COURSE,4.7,Beginner,340k
128,University of Michigan,COURSE,4.6,Mixed,82k
129,"University of California, Irvine",SPECIALIZATION,4.4,Beginner,790k
130,University of Lausanne,COURSE,4.8,Beginner,31k
131,Johns Hopkins University,COURSE,4.7,Beginner,23k
132,The University of Edinburgh,COURSE,4.7,Mixed,19k
133,Stanford University,COURSE,4.7,Beginner,30k
134,Peking University,COURSE,4.8,Beginner,22k
135,Cisco,SPECIALIZATION,4.7,Beginner,57k
136,University of Amsterdam,COURSE,4.8,Mixed,51k
137,IESE Business School,SPECIALIZATION,4.8,Beginner,51k
138,Yale University,SPECIALIZATION,4.6,Beginner,4.8k
139,University of Pittsburgh,COURSE,4.8,Beginner,32k
140,University of Illinois at Urbana-Champaign,SPECIALIZATION,4.4,Intermediate,110k
141,LearnQuest,COURSE,4.5,Beginner,37k
142,Google Cloud,PROFESSIONAL CERTIFICATE,4.7,Intermediate,310k
143,"University of California, Davis",SPECIALIZATION,4.7,Intermediate,37k
144,The University of Edinburgh,COURSE,4.7,Beginner,120k
145,Rice University,SPECIALIZATION,4.7,Beginner,15k
146,University of Toronto,COURSE,4.8,Beginner,43k
147,University of Colorado Boulder,COURSE,4.9,Beginner,6.4k
148,Universitat Autònoma de Barcelona,COURSE,4.7,Beginner,43k
149,Ludwig-Maximilians-Universität München (LMU),SPECIALIZATION,4.7,Intermediate,350k
150,"University of California, Davis",SPECIALIZATION,4.6,Beginner,5.8k
151,University of Pennsylvania,COURSE,4.8,Beginner,33k
152,University of Colorado System,SPECIALIZATION,4.6,Beginner,27k
153,"University of California, Irvine",SPECIALIZATION,4.3,Beginner,66k
154,Columbia University,COURSE,4.7,Beginner,19k
155,Columbia University,SPECIALIZATION,4.7,Beginner,61k
156,Columbia University,COURSE,4.8,Beginner,43k
157,Columbia University,COURSE,4.8,Beginner,15k
158,Universidad Nacional Autónoma de México,COURSE,4.7,Beginner,220k
159,Northwestern University,SPECIALIZATION,4.5,Beginner,27k
160,University of Virginia,COURSE,4.6,Beginner,26k
161,Georgia Institute of Technology,COURSE,4.8,Mixed,49k
162,deeplearning.ai,COURSE,4.9,Intermediate,240k
163,deeplearning.ai,COURSE,4.7,Intermediate,46k
164,University of Illinois at Urbana-Champaign,COURSE,4.8,Intermediate,10k
165,IESE Business School,COURSE,4.8,Mixed,56k
166,UCL School of Management,COURSE,4.8,Beginner,7.8k
167,Università Bocconi,COURSE,4.6,Mixed,10k
168,Universitat Autònoma de Barcelona,COURSE,4.6,Beginner,75k
169,University of Virginia,COURSE,4.8,Beginner,15k
170,Universidad de Chile,COURSE,4.8,Intermediate,43k
171,Google,COURSE,4.8,Beginner,81k
172,University of Minnesota,COURSE,4.3,Mixed,140k
173,Wesleyan University,SPECIALIZATION,4.6,Beginner,140k
174,Wesleyan University,COURSE,4.7,Mixed,120k
175,Arizona State University,SPECIALIZATION,4.7,Beginner,150k
176,Universidad Nacional Autónoma de México,COURSE,4.8,Intermediate,26k
177,Universidad de Chile,COURSE,4.8,Intermediate,22k
178,University of Pennsylvania,SPECIALIZATION,4.6,Beginner,17k
179,University of New Mexico,COURSE,4.6,Beginner,5.5k
180,Northwestern University,COURSE,4.7,Beginner,18k
181,"University of Maryland, College Park",SPECIALIZATION,4.5,Intermediate,99k
182,University System of Georgia,COURSE,4.2,Beginner,140k
183,University of Colorado System,SPECIALIZATION,4.6,Beginner,23k
184,Universitat Autònoma de Barcelona,COURSE,4.8,Beginner,55k
185,The Pennsylvania State University,COURSE,4.8,Mixed,23k
186,Wesleyan University,SPECIALIZATION,4.4,Beginner,100k
187,PwC,SPECIALIZATION,4.6,Beginner,220k
188,IBM,COURSE,4.7,Beginner,110k
189,University of Amsterdam,COURSE,4.8,Beginner,24k
190,University of Michigan,COURSE,4.7,Intermediate,19k
191,Google Cloud,SPECIALIZATION,4.4,Intermediate,3k
192,Google Cloud,PROFESSIONAL CERTIFICATE,4.6,Intermediate,120k
193,Google Cloud,SPECIALIZATION,4.6,Intermediate,120k
194,Vanderbilt University,COURSE,4.7,Beginner,42k
195,University of Illinois at Urbana-Champaign,SPECIALIZATION,4.4,Intermediate,140k
196,Johns Hopkins University,SPECIALIZATION,4.5,Beginner,830k
197,Duke University,COURSE,4.5,Beginner,140k
198,IBM,COURSE,4.6,Beginner,89k
199,Johns Hopkins University,SPECIALIZATION,4.6,Beginner,740k
200,Johns Hopkins University,SPECIALIZATION,4.4,Intermediate,210k
201,Duke University,COURSE,4.7,Mixed,130k
202,PwC,COURSE,4.8,Beginner,60k
203,IBM,COURSE,4.6,Intermediate,66k
204,"University of California, Davis",SPECIALIZATION,4.5,Beginner,96k
205,University of Colorado System,SPECIALIZATION,4.5,Advanced,140k
206,Johns Hopkins University,COURSE,4.7,Beginner,18k
207,PwC,COURSE,4.6,Beginner,120k
208,IBM,COURSE,4.7,Beginner,110k
209,Universiteit Leiden,COURSE,4.8,Beginner,150k
210,University of Pennsylvania,COURSE,4.6,Mixed,31k
211,deeplearning.ai,SPECIALIZATION,4.8,Intermediate,690k
212,Universitat Autònoma de Barcelona,COURSE,4.8,Beginner,44k
213,University of Michigan,COURSE,4.7,Beginner,4.5k
214,Novosibirsk State University,COURSE,4.4,Beginner,8.2k
215,University of Virginia,COURSE,4.6,Beginner,240k
216,University of Virginia,COURSE,4.6,Beginner,17k
217,Johns Hopkins University,COURSE,4.7,Mixed,67k
218,Michigan State University,COURSE,4.7,Mixed,97k
219,The University of Sydney,COURSE,4.6,Intermediate,19k
220,Google Cloud,SPECIALIZATION,4.6,Intermediate,16k
221,Google Cloud,SPECIALIZATION,4.7,Intermediate,300k
222,Google Cloud,SPECIALIZATION,4.8,Intermediate,4k
223,University of Colorado Boulder,SPECIALIZATION,4.6,Intermediate,8k
224,Berklee College of Music,COURSE,4.8,Mixed,41k
225,Berklee College of Music,SPECIALIZATION,4.8,Beginner,54k
226,Ticket for Change,COURSE,4.7,Mixed,54k
227,University of Colorado Boulder,SPECIALIZATION,4.4,Beginner,9k
228,Lund University,COURSE,4.5,Beginner,21k
229,University at Buffalo,SPECIALIZATION,4.6,Beginner,37k
230,University of Illinois at Urbana-Champaign,SPECIALIZATION,4.6,Beginner,380k
231,University of Illinois at Urbana-Champaign,COURSE,4.4,Mixed,57k
232,University of Virginia,SPECIALIZATION,4.7,Beginner,140k
233,University of Virginia,COURSE,4.7,Beginner,58k
234,University of Alberta,COURSE,4.5,Beginner,35k
235,The University of Melbourne,COURSE,4.9,Intermediate,40k
236,Tecnológico de Monterrey,SPECIALIZATION,4.6,Beginner,4k
237,Pontificia Universidad Católica de Chile,COURSE,4.9,Beginner,21k
238,Stanford University,COURSE,4.8,Intermediate,130k
239,Duke University,COURSE,4.6,Mixed,150k
240,Erasmus University Rotterdam,COURSE,4.8,Beginner,5.6k
241,University of California San Diego,COURSE,4.7,Beginner,17k
242,University of California San Diego,COURSE,4.6,Beginner,39k
243,University of Washington,SPECIALIZATION,4.7,Beginner,110k
244,University of Colorado System,COURSE,4.8,Beginner,7.1k
245,American Museum of Natural History,COURSE,4.8,Intermediate,18k
246,Erasmus University Rotterdam,COURSE,4.7,Mixed,110k
247,Columbia University,COURSE,4.9,Mixed,83k
248,University of Geneva,COURSE,4.7,Intermediate,16k
249,University of Pennsylvania,COURSE,4.9,Mixed,3.4k
250,Universitat Autònoma de Barcelona,COURSE,4.9,Beginner,46k
251,Universidad Austral,COURSE,5.0,Beginner,1.5k
252,Google Cloud,COURSE,4.7,Intermediate,57k
253,Duke University,COURSE,4.8,Beginner,12k
254,Berklee College of Music,SPECIALIZATION,4.8,Intermediate,110k
255,Yonsei University,SPECIALIZATION,4.6,Beginner,17k
256,University at Buffalo,SPECIALIZATION,4.7,Beginner,37k
257,New York University,COURSE,4.8,Beginner,14k
258,Rice University,COURSE,4.7,Beginner,23k
259,Duke University,COURSE,4.6,Beginner,200k
260,University of Pennsylvania,COURSE,4.8,Beginner,230k
261,University of Pennsylvania,COURSE,4.8,Mixed,760k
262,University of Pennsylvania,COURSE,4.8,Mixed,130k
263,Moscow Institute of Physics and Technology,SPECIALIZATION,4.6,Intermediate,42k
264,University of Pennsylvania,COURSE,4.8,Beginner,110k
265,Peter the Great St. Petersburg Polytechnic University,COURSE,4.4,Beginner,2.4k
266,Duke University,SPECIALIZATION,4.5,Intermediate,7.9k
267,University of Pennsylvania,SPECIALIZATION,4.8,Beginner,110k
268,University of Pennsylvania,COURSE,4.8,Mixed,86k
269,University of Pennsylvania,COURSE,4.8,Mixed,38k
270,University of Pennsylvania,COURSE,4.7,Beginner,31k
271,HEC Paris,COURSE,4.8,Beginner,20k
272,"University of Maryland, College Park",SPECIALIZATION,4.6,Beginner,69k
273,The Pennsylvania State University,COURSE,4.8,Mixed,45k
274,University of Pittsburgh,COURSE,4.7,Mixed,23k
275,Imperial College London,SPECIALIZATION,4.7,Beginner,6.4k
276,Johns Hopkins University,SPECIALIZATION,4.7,Beginner,31k
277,The University of North Carolina at Chapel Hill,COURSE,4.6,Mixed,130k
278,The University of Melbourne,COURSE,4.8,Mixed,35k
279,"University of California, Davis",COURSE,4.8,Beginner,7.2k
280,"University of California, Irvine",SPECIALIZATION,4.5,Beginner,1.8k
281,Johns Hopkins University,COURSE,4.7,Beginner,14k
282,Google Cloud,COURSE,4.7,Intermediate,68k
283,Google Cloud,COURSE,4.7,Intermediate,83k
284,The George Washington University,COURSE,4.8,Intermediate,4.1k
285,The University of Melbourne,SPECIALIZATION,4.6,Intermediate,54k
286,Yale University,COURSE,4.8,Mixed,31k
287,Universidad Nacional Autónoma de México,COURSE,4.7,Beginner,27k
288,Universidad Nacional Autónoma de México,SPECIALIZATION,4.8,Beginner,13k
289,University of Colorado Boulder,COURSE,4.8,Beginner,11k
290,Yale University,COURSE,4.9,Beginner,86k
291,Macquarie University,SPECIALIZATION,4.9,Beginner,240k
292,Macquarie University,COURSE,4.7,Intermediate,39k
293,Macquarie University,COURSE,4.9,Beginner,200k
294,Macquarie University,COURSE,4.9,Intermediate,76k
295,Macquarie University,COURSE,4.8,Intermediate,39k
296,Duke University,SPECIALIZATION,4.6,Beginner,490k
297,University of Colorado Boulder,SPECIALIZATION,4.8,Beginner,56k
298,University of Colorado Boulder,COURSE,4.8,Beginner,54k
299,Johns Hopkins University,SPECIALIZATION,4.5,Beginner,170k
300,Pontificia Universidad Católica de Chile,COURSE,4.8,Beginner,28k
301,The Museum of Modern Art,COURSE,4.8,Beginner,180k
302,"University of California, Santa Cruz",COURSE,4.8,Beginner,18k
303,Duke University,COURSE,4.8,Beginner,9.7k
304,The Hong Kong University of Science and Technology,SPECIALIZATION,4.6,Beginner,13k
305,University of Pennsylvania,COURSE,4.7,Beginner,12k
306,University of Pennsylvania,SPECIALIZATION,4.5,Beginner,260k
307,Rice University,COURSE,4.8,Beginner,69k
308,Emory University,COURSE,4.4,Intermediate,12k
309,University of Virginia,COURSE,4.8,Beginner,65k
310,University of Pennsylvania,COURSE,4.5,Beginner,10k
311,Columbia University,COURSE,4.6,Mixed,100k
312,University of Illinois at Urbana-Champaign,SPECIALIZATION,4.7,Intermediate,76k
313,Yale University,COURSE,4.8,Beginner,470k
314,Indian School of Business,SPECIALIZATION,4.5,Beginner,60k
315,University of Illinois at Urbana-Champaign,SPECIALIZATION,4.8,Intermediate,12k
316,University of Michigan,SPECIALIZATION,4.7,Beginner,6.5k
317,Università Bocconi,COURSE,4.8,Mixed,24k
318,Universidad Nacional Autónoma de México,SPECIALIZATION,4.6,Intermediate,30k
319,Universidad Nacional Autónoma de México,COURSE,4.8,Mixed,310k
320,University of Michigan,COURSE,4.7,Beginner,36k
321,University of Pennsylvania,SPECIALIZATION,4.6,Beginner,20k
322,Yonsei University,COURSE,4.9,Beginner,400k
323,Università Bocconi,COURSE,4.8,Mixed,57k
324,West Virginia University,COURSE,4.7,Mixed,42k
325,Universidad de los Andes,COURSE,4.9,Intermediate,4.4k
326,University of Michigan,SPECIALIZATION,4.8,Beginner,14k
327,University of Virginia,COURSE,4.8,Beginner,63k
328,University of Illinois at Urbana-Champaign,COURSE,4.8,Mixed,62k
329,Johns Hopkins University,SPECIALIZATION,4.7,Beginner,31k
330,IESE Business School,SPECIALIZATION,4.8,Beginner,64k
331,Emory University,SPECIALIZATION,4.2,Intermediate,27k
332,University of Pennsylvania,SPECIALIZATION,4.8,Beginner,89k
333,Imperial College London,SPECIALIZATION,4.8,Beginner,3.2k
334,Google Cloud,SPECIALIZATION,4.6,Beginner,26k
335,The University of Tokyo,COURSE,4.8,Beginner,52k
336,The Hong Kong University of Science and Technology,COURSE,4.7,Intermediate,45k
337,The Hong Kong University of Science and Technology,COURSE,4.8,Intermediate,89k
338,The Hong Kong University of Science and Technology,SPECIALIZATION,4.7,Intermediate,150k
339,The Hong Kong University of Science and Technology,SPECIALIZATION,4.7,Intermediate,140k
340,École Polytechnique Fédérale de Lausanne,COURSE,4.8,Intermediate,170k
341,École Polytechnique Fédérale de Lausanne,SPECIALIZATION,4.7,Intermediate,220k
342,Johns Hopkins University,COURSE,4.6,Beginner,30k
343,University of Illinois at Urbana-Champaign,SPECIALIZATION,4.6,Beginner,39k
344,Rice University,SPECIALIZATION,4.8,Beginner,200k
345,Georgia Institute of Technology,COURSE,4.7,Mixed,49k
346,"University of California, Davis",COURSE,4.8,Beginner,86k
347,California Institute of the Arts,COURSE,4.8,Beginner,290k
348,Rice University,SPECIALIZATION,4.7,Intermediate,20k
349,Rice University,COURSE,4.7,Intermediate,18k
350,The University of Edinburgh,COURSE,4.6,Beginner,180k
351,University of Virginia,COURSE,4.7,Beginner,120k
352,University of Pennsylvania,COURSE,4.6,Mixed,110k
353,University of Alberta,COURSE,4.8,Intermediate,22k
354,"University of California, Davis",COURSE,4.5,Beginner,81k
355,University of Pennsylvania,SPECIALIZATION,4.6,Beginner,25k
356,Universidad Nacional Autónoma de México,SPECIALIZATION,4.6,Beginner,56k
357,Universidad Austral,COURSE,4.7,Beginner,150k
358,Universidad de los Andes,COURSE,4.8,Beginner,110k
359,Tecnológico de Monterrey,COURSE,4.6,Beginner,47k
360,"University of California, Davis",SPECIALIZATION,4.6,Beginner,4.9k
361,Institute for the Future,SPECIALIZATION,4.8,Beginner,9.4k
362,Google Cloud,SPECIALIZATION,4.7,Beginner,10k
363,University of Toronto,SPECIALIZATION,4.8,Beginner,140k
364,Michigan State University,SPECIALIZATION,4.7,Intermediate,100k
365,Stanford University,COURSE,4.6,Beginner,260k
366,University of Pennsylvania,COURSE,4.8,Mixed,110k
367,University of Pittsburgh,COURSE,4.7,Beginner,14k
368,Johns Hopkins University,SPECIALIZATION,4.4,Intermediate,80k
369,"University of California, Davis",SPECIALIZATION,4.8,Beginner,97k
370,Sciences Po,COURSE,4.3,Mixed,19k
371,ESADE Business and Law School,COURSE,4.8,Mixed,34k
372,Pontificia Universidad Católica de Chile,COURSE,4.7,Mixed,47k
373,Bloomsbury Learning Exchange,COURSE,4.7,Beginner,14k
374,Michigan State University,COURSE,4.5,Beginner,59k
375,Amazon Web Services,COURSE,4.5,Intermediate,73k
376,"University of California, Irvine",COURSE,4.6,Intermediate,59k
377,Google Cloud,COURSE,4.5,Intermediate,75k
378,Google Cloud,COURSE,4.6,Beginner,18k
379,SAS,COURSE,4.9,Beginner,22k
380,SOAS University of London,COURSE,4.6,Mixed,79k
381,SOAS University of London,COURSE,4.7,Beginner,29k
382,SOAS University of London,COURSE,4.5,Beginner,10k
383,Technical University of Denmark (DTU),COURSE,4.6,Intermediate,22k
384,Rice University,COURSE,4.6,Mixed,37k
385,EDHEC Business School,COURSE,4.6,Intermediate,3.6k
386,University of Pennsylvania,COURSE,4.8,Mixed,7.6k
387,IE Business School,SPECIALIZATION,4.8,Intermediate,44k
388,University of Michigan,SPECIALIZATION,4.6,Beginner,3.8k
389,Google Cloud,COURSE,4.6,Intermediate,120k
390,Google Cloud,COURSE,4.7,Intermediate,36k
391,Google,PROFESSIONAL CERTIFICATE,4.7,Beginner,93k
392,Google,PROFESSIONAL CERTIFICATE,4.8,Beginner,350k
393,"University of California, Irvine",COURSE,4.7,Mixed,430k
394,University of Colorado Boulder,SPECIALIZATION,4.7,Beginner,10k
395,University of Pennsylvania,COURSE,4.8,Mixed,260k
396,Lund University,COURSE,4.6,Beginner,56k
397,Berklee College of Music,COURSE,4.8,Mixed,210k
398,University of California San Diego,COURSE,4.7,Mixed,62k
399,Johns Hopkins University,COURSE,4.8,Mixed,240k
400,Universidad Nacional Autónoma de México,SPECIALIZATION,4.7,Beginner,43k
401,Pontificia Universidad Católica de Chile,COURSE,4.8,Mixed,62k
402,University of Colorado Boulder,COURSE,4.2,Intermediate,7.4k
403,University of Florida,COURSE,4.6,Mixed,39k
404,Johns Hopkins University,SPECIALIZATION,4.5,Beginner,8.1k
405,"University of California, Davis",SPECIALIZATION,4.5,Intermediate,5.4k
406,University of Pennsylvania,SPECIALIZATION,4.7,Intermediate,1.7k
407,University of Minnesota,SPECIALIZATION,4.4,Beginner,36k
408,Rutgers the State University of New Jersey,SPECIALIZATION,4.6,Beginner,5.5k
409,Northwestern University,COURSE,4.8,Mixed,46k
410,University of Colorado System,SPECIALIZATION,4.7,Beginner,5.5k
411,ESSEC Business School,SPECIALIZATION,4.6,Beginner,28k
412,University of Virginia,COURSE,4.8,Intermediate,170k
413,The State University of New York,COURSE,3.3,Mixed,140k
414,Michigan State University,SPECIALIZATION,4.1,Beginner,34k
415,University of Minnesota,SPECIALIZATION,4.7,Beginner,98k
416,IBM,PROFESSIONAL CERTIFICATE,4.6,Intermediate,140k
417,IBM,SPECIALIZATION,4.4,Advanced,3.5k
418,IBM,PROFESSIONAL CERTIFICATE,4.6,Beginner,220k
419,IBM,COURSE,4.8,Beginner,3.3k
420,IBM,PROFESSIONAL CERTIFICATE,4.6,Beginner,480k
421,IBM,SPECIALIZATION,4.5,Beginner,35k
422,Google,COURSE,4.8,Beginner,62k
423,(ISC)²,COURSE,4.9,Beginner,1.7k
424,IE Business School,SPECIALIZATION,4.7,Beginner,23k
425,Automation Anywhere,SPECIALIZATION,4.6,Beginner,2.2k
426,Georgia Institute of Technology,SPECIALIZATION,4.7,Beginner,610k
427,deeplearning.ai,COURSE,4.9,Beginner,270k
428,Luther College at the University of Regina,SPECIALIZATION,4.4,Beginner,18k
429,The Museum of Modern Art,COURSE,4.9,Beginner,79k
430,University of Alberta,COURSE,4.8,Mixed,51k
431,Google Cloud,COURSE,4.5,Beginner,34k
432,Imperial College London,SPECIALIZATION,5.0,Intermediate,1.6k
433,Rutgers the State University of New Jersey,COURSE,4.4,Intermediate,12k
434,Macquarie University,SPECIALIZATION,4.8,Beginner,22k
435,"Royal Holloway, University of London",COURSE,4.6,Beginner,32k
436,New York University,SPECIALIZATION,4.6,Beginner,10k
437,University of Minnesota,SPECIALIZATION,4.7,Beginner,16k
438,"University of California, Irvine",COURSE,4.7,Mixed,180k
439,Erasmus University Rotterdam,COURSE,4.6,Beginner,40k
440,The University of Sydney,COURSE,4.8,Beginner,10k
441,University of Illinois at Urbana-Champaign,SPECIALIZATION,4.8,Beginner,25k
442,HEC Paris,SPECIALIZATION,4.5,Beginner,72k
443,Case Western Reserve University,SPECIALIZATION,4.7,Intermediate,97k
444,University of Michigan,COURSE,4.8,Mixed,85k
445,University of Illinois at Urbana-Champaign,COURSE,4.2,Mixed,12k
446,University of Michigan,COURSE,4.6,Intermediate,9.7k
447,University of Minnesota,SPECIALIZATION,4.8,Beginner,14k
448,University of Pennsylvania,SPECIALIZATION,4.8,Intermediate,8.7k
449,University of California San Diego,SPECIALIZATION,4.5,Intermediate,150k
450,ESCP Business School,COURSE,4.6,Beginner,6.5k
451,University of London,SPECIALIZATION,4.5,Intermediate,22k
452,The State University of New York,COURSE,4.4,Mixed,25k
453,Kalshoven-Gieskes Forum,COURSE,4.8,Beginner,22k
454,Universiteit Leiden,COURSE,4.8,Mixed,36k
455,Universiteit Leiden,COURSE,4.8,Mixed,19k
456,Università Bocconi,COURSE,4.8,Mixed,41k
457,Yonsei University,SPECIALIZATION,4.6,Beginner,26k
458,University of Geneva,COURSE,4.8,Beginner,20k
459,Erasmus University Rotterdam,COURSE,4.5,Beginner,2.2k
460,Stanford University,COURSE,4.9,Beginner,35k
461,Sciences Po,COURSE,4.6,Beginner,11k
462,Cisco,COURSE,4.7,Beginner,36k
463,The University of Chicago,COURSE,4.8,Mixed,38k
464,"University of Maryland, College Park",SPECIALIZATION,4.6,Intermediate,66k
465,Universidad Nacional Autónoma de México,COURSE,4.7,Beginner,140k
466,Pontificia Universidad Católica de Chile,COURSE,4.4,Beginner,100k
467,University of Geneva,COURSE,4.8,Mixed,46k
468,Berklee College of Music,COURSE,4.8,Mixed,60k
469,IBM,COURSE,4.7,Beginner,44k
470,University of California San Diego,COURSE,4.6,Mixed,160k
471,INSEAD,COURSE,4.7,Beginner,16k
472,Yale University,COURSE,4.9,Mixed,27k
473,University of Illinois at Urbana-Champaign,COURSE,4.7,Intermediate,14k
474,University of Michigan,COURSE,4.8,Mixed,84k
475,The University of Sydney,COURSE,4.8,Intermediate,53k
476,Duke University,COURSE,4.8,Beginner,46k
477,Yale University,COURSE,4.9,Mixed,150k
478,IBM,COURSE,4.6,Beginner,2.6k
479,"Goldsmiths, University of London",COURSE,4.3,Beginner,20k
480,"Goldsmiths, University of London",SPECIALIZATION,4.3,Beginner,32k
481,University of Pennsylvania,COURSE,4.6,Mixed,130k
482,New York University,COURSE,4.7,Beginner,27k
483,New York University,SPECIALIZATION,4.7,Beginner,32k
484,IBM,COURSE,4.5,Beginner,30k
485,Rice University,COURSE,4.7,Mixed,99k
486,IBM,SPECIALIZATION,4.6,Beginner,310k
487,University of Michigan,COURSE,4.5,Intermediate,390k
488,University of Pennsylvania,COURSE,4.8,Beginner,25k
489,National Research University Higher School of Economics,SPECIALIZATION,4.4,Beginner,75k
490,Georgia Institute of Technology,COURSE,4.7,Mixed,110k
491,University of Colorado Boulder,COURSE,4.5,Intermediate,41k
492,Georgia Institute of Technology,COURSE,4.7,Mixed,150k
493,The University of North Carolina at Chapel Hill,COURSE,4.8,Mixed,34k
494,University of Pennsylvania,COURSE,4.7,Mixed,200k
495,"Nanyang Technological University, Singapore",COURSE,4.9,Mixed,47k
496,Michigan State University,COURSE,4.8,Mixed,79k
497,Duke University,COURSE,4.8,Mixed,74k
498,Johns Hopkins University,COURSE,4.6,Mixed,42k
499,University of Michigan,COURSE,4.7,Mixed,220k
500,California Institute of the Arts,COURSE,4.5,Beginner,54k
501,University of Pennsylvania,COURSE,4.8,Beginner,6k
502,Case Western Reserve University,COURSE,4.8,Mixed,82k
503,University of Pennsylvania,COURSE,4.8,Mixed,220k
504,Stanford University,COURSE,4.8,Intermediate,270k
505,University of Pennsylvania,COURSE,4.5,Mixed,87k
506,University of Virginia,COURSE,4.4,Beginner,140k
507,The University of Edinburgh,COURSE,4.6,Mixed,370k
508,EDHEC Business School,COURSE,4.8,Mixed,11k
509,Duke University,COURSE,4.7,Beginner,160k
510,Duke University,SPECIALIZATION,4.7,Beginner,82k
511,Vanderbilt University,COURSE,4.8,Beginner,270k
512,Yale University,COURSE,4.9,Beginner,270k
513,Rice University,SPECIALIZATION,4.7,Beginner,49k
514,University of Toronto,COURSE,4.8,Advanced,39k
515,University of Pennsylvania,COURSE,4.2,Mixed,76k
516,Imperial College London,COURSE,4.7,Beginner,12k
517,University of Illinois at Urbana-Champaign,COURSE,4.8,Mixed,69k
518,Johns Hopkins University,COURSE,4.8,Mixed,67k
519,UNSW Sydney (The University of New South Wales),COURSE,4.7,Mixed,33k
520,deeplearning.ai,COURSE,4.7,Intermediate,150k
521,University of Michigan,COURSE,4.8,Beginner,4.1k
522,New York Institute of Finance,COURSE,4.0,Intermediate,13k
523,California Institute of the Arts,COURSE,4.8,Beginner,72k
524,Georgia Institute of Technology,COURSE,4.5,Beginner,87k
525,University of Michigan,COURSE,4.8,Beginner,16k
526,"University of California, Davis",COURSE,4.7,Beginner,76k
527,Johns Hopkins University,COURSE,4.8,Beginner,110k
528,Duke University,COURSE,4.7,Mixed,270k
529,Universidade de São Paulo,SPECIALIZATION,4.9,Beginner,4.5k
530,Universidade de São Paulo,COURSE,4.9,Beginner,120k
531,University of Geneva,SPECIALIZATION,4.7,Beginner,99k
532,EDHEC Business School,SPECIALIZATION,4.6,Beginner,14k
533,Rice University,SPECIALIZATION,4.5,Beginner,49k
534,Saint Petersburg State University,COURSE,4.6,Beginner,4.4k
535,Duke University,SPECIALIZATION,4.6,Beginner,380k
536,Duke University,COURSE,4.6,Beginner,160k
537,University of Cape Town,COURSE,4.5,Beginner,22k
538,JetBrains,COURSE,4.7,Intermediate,37k
539,ESSEC Business School,COURSE,4.7,Beginner,8k
540,ESSEC Business School,SPECIALIZATION,4.6,Beginner,6.3k
541,Rice University,SPECIALIZATION,4.7,Beginner,17k
542,Copenhagen Business School,COURSE,4.7,Mixed,34k
543,The George Washington University,COURSE,4.8,Beginner,16k
544,University of Michigan,SPECIALIZATION,4.7,Beginner,220k
545,University of Michigan,COURSE,4.7,Intermediate,5.9k
546,Macquarie University,SPECIALIZATION,4.8,Intermediate,16k
547,Peking University,SPECIALIZATION,4.8,Beginner,43k
548,Tsinghua University,SPECIALIZATION,4.3,Beginner,22k
549,"University of California, Irvine",SPECIALIZATION,4.5,Intermediate,78k
550,"University of California, Irvine",SPECIALIZATION,4.8,Advanced,52k
551,"University of California, Irvine",SPECIALIZATION,4.7,Intermediate,120k
552,Shanghai Jiao Tong University,SPECIALIZATION,4.8,Beginner,39k
553,"University of California, Davis",SPECIALIZATION,4.6,Beginner,160k
554,"University of California, Davis",SPECIALIZATION,4.6,Beginner,80k
555,University of Toronto,COURSE,4.8,Beginner,180k
556,Yonsei University,COURSE,4.9,Beginner,120k
557,UNSW Sydney (The University of New South Wales),COURSE,4.7,Beginner,68k
558,IE Business School,COURSE,4.5,Intermediate,7.2k
559,ESSEC Business School,COURSE,4.7,Beginner,10k
560,Universidad de los Andes,SPECIALIZATION,4.8,Intermediate,23k
561,Georgia Institute of Technology,COURSE,4.6,Mixed,29k
562,Stanford University,COURSE,4.7,Beginner,14k
563,University of Washington,SPECIALIZATION,4.6,Intermediate,290k
564,Stanford University,COURSE,4.9,Mixed,3.2m
565,University of Washington,COURSE,4.6,Mixed,240k
566,New York University,SPECIALIZATION,3.7,Intermediate,29k
567,University of London,COURSE,4.6,Beginner,19k
568,Google Cloud,COURSE,4.6,Intermediate,58k
569,Google Cloud,SPECIALIZATION,3.9,Intermediate,15k
570,IBM,COURSE,4.7,Intermediate,120k
571,Google Cloud,SPECIALIZATION,4.5,Intermediate,72k
572,Universitat de Barcelona,COURSE,4.6,Beginner,78k
573,IE School of Architecture & Design,COURSE,4.7,Beginner,43k
574,Università Bocconi,COURSE,4.7,Mixed,120k
575,University of Virginia,COURSE,4.9,Beginner,11k
576,University of Illinois at Urbana-Champaign,SPECIALIZATION,4.7,Beginner,55k
577,HEC Paris,SPECIALIZATION,4.7,Beginner,23k
578,"University of California, Irvine",COURSE,4.7,Mixed,71k
579,University of Pennsylvania,COURSE,4.5,Beginner,27k
580,University of Toronto,COURSE,4.6,Beginner,47k
581,"University of California, Davis",SPECIALIZATION,4.5,Beginner,22k
582,Universidade de São Paulo,COURSE,4.8,Beginner,81k
583,Universidad Austral,SPECIALIZATION,4.7,Beginner,39k
584,Universidad de Chile,COURSE,4.7,Intermediate,49k
585,IE Business School,SPECIALIZATION,4.6,Beginner,93k
586,IE Business School,SPECIALIZATION,4.4,Beginner,57k
587,Universidad de los Andes,COURSE,4.8,Mixed,58k
588,Tecnológico de Monterrey,SPECIALIZATION,4.4,Intermediate,60k
589,University of Illinois at Urbana-Champaign,COURSE,4.7,Beginner,310k
590,Duke University,COURSE,4.2,Mixed,280k
591,LearnQuest,COURSE,4.6,Beginner,8.4k
592,Johns Hopkins University,SPECIALIZATION,4.3,Beginner,52k
593,"University of California, Davis",COURSE,4.7,Mixed,48k
594,National Research University Higher School of Economics,SPECIALIZATION,4.5,Beginner,12k
595,Imperial College London,SPECIALIZATION,4.6,Beginner,150k
596,Imperial College London,COURSE,4.7,Beginner,140k
597,Imperial College London,COURSE,4.7,Beginner,51k
598,Imperial College London,COURSE,4.0,Intermediate,33k
599,University of Colorado Boulder,SPECIALIZATION,4.8,Beginner,4.8k
600,Duke University,COURSE,4.9,Advanced,170k
601,Wesleyan University,SPECIALIZATION,4.3,Beginner,13k
602,University of Amsterdam,SPECIALIZATION,4.6,Beginner,260k
603,University of Illinois at Urbana-Champaign,COURSE,4.9,Beginner,73k
604,University of Pennsylvania,COURSE,4.7,Mixed,34k
605,McMaster University,COURSE,4.8,Beginner,230k
606,Universiteit Leiden,COURSE,4.7,Beginner,120k
607,University of Michigan,COURSE,4.8,Mixed,130k
608,University of Pennsylvania,COURSE,4.6,Mixed,36k
609,The Museum of Modern Art,COURSE,4.7,Beginner,310k
610,Cloudera,SPECIALIZATION,4.8,Beginner,14k
611,Northwestern University,SPECIALIZATION,4.7,Intermediate,21k
612,Google Cloud,COURSE,4.7,Intermediate,9.1k
613,Yale University,COURSE,4.8,Mixed,100k
614,University of Pennsylvania,COURSE,4.9,Mixed,40k
615,University of Alberta,COURSE,4.9,Mixed,44k
616,École Polytechnique Fédérale de Lausanne,COURSE,4.8,Intermediate,59k
617,Berklee College of Music,SPECIALIZATION,4.8,Beginner,42k
618,Berklee College of Music,COURSE,4.9,Mixed,34k
619,Berklee College of Music,SPECIALIZATION,4.8,Beginner,70k
620,Duke University,COURSE,4.8,Mixed,21k
621,deeplearning.ai,COURSE,4.6,Intermediate,40k
622,University of Michigan,COURSE,4.8,Mixed,95k
623,ESSEC Business School,SPECIALIZATION,4.7,Beginner,22k
624,VMware,COURSE,4.8,Intermediate,17k
625,Google Cloud,SPECIALIZATION,4.7,Intermediate,290k
626,deeplearning.ai,COURSE,4.9,Intermediate,630k
627,Saint Petersburg State University,COURSE,4.7,Mixed,41k
628,"University of Maryland, College Park",COURSE,4.7,Beginner,12k
629,University of Colorado System,SPECIALIZATION,4.8,Beginner,5.3k
630,Universidad Nacional Autónoma de México,COURSE,4.8,Beginner,100k
631,Ludwig-Maximilians-Universität München (LMU),COURSE,4.8,Intermediate,35k
632,University of California San Diego,SPECIALIZATION,4.7,Intermediate,250k
633,Duke University,SPECIALIZATION,4.6,Beginner,330k
634,University of Illinois at Urbana-Champaign,COURSE,4.7,Intermediate,21k
635,University of Alberta,COURSE,4.7,Intermediate,33k
636,Duke University,COURSE,4.8,Mixed,57k
637,The Linux Foundation,SPECIALIZATION,4.4,Beginner,13k
638,Google,COURSE,4.6,Beginner,76k
639,University of Pennsylvania,COURSE,4.7,Mixed,80k
640,University of Colorado Boulder,SPECIALIZATION,4.2,Advanced,6.2k
641,Northwestern University,SPECIALIZATION,4.7,Intermediate,92k
642,Universiteit Leiden,COURSE,4.7,Beginner,22k
643,University of Colorado System,SPECIALIZATION,4.8,Beginner,3.2k
644,Palo Alto Networks,SPECIALIZATION,4.6,Beginner,9.1k
645,Rice University,SPECIALIZATION,4.5,Intermediate,30k
646,University of Geneva,COURSE,4.5,Mixed,42k
647,Johns Hopkins University,SPECIALIZATION,4.8,Beginner,8.8k
648,Universitat Autònoma de Barcelona,COURSE,4.6,Beginner,12k
649,University of Pennsylvania,COURSE,4.5,Mixed,84k
650,"University of California, Irvine",COURSE,4.7,Intermediate,79k
651,Universidad Nacional Autónoma de México,COURSE,4.9,Beginner,8.9k
652,Michigan State University,SPECIALIZATION,4.7,Beginner,160k
653,University of Toronto,SPECIALIZATION,4.7,Beginner,83k
654,Sciences Po,COURSE,4.7,Beginner,34k
655,The University of Sydney,COURSE,4.8,Mixed,72k
656,The University of North Carolina at Chapel Hill,COURSE,4.7,Mixed,180k
657,University of Pennsylvania,COURSE,4.8,Beginner,23k
658,University of Pennsylvania,COURSE,4.8,Beginner,50k
659,University of Pennsylvania,COURSE,4.6,Beginner,40k
660,University of Colorado Boulder,SPECIALIZATION,4.8,Intermediate,67k
661,MathWorks,SPECIALIZATION,4.7,Beginner,10k
662,The State University of New York,COURSE,4.6,Intermediate,39k
663,Google Cloud,COURSE,4.7,Beginner,22k
664,University of Minnesota,COURSE,4.8,Mixed,68k
665,E-Learning Development Fund,SPECIALIZATION,4.6,Beginner,47k
666,BCG,SPECIALIZATION,4.8,Beginner,20k
667,Universitat Autònoma de Barcelona,COURSE,4.8,Mixed,280k
668,Università Bocconi,COURSE,4.8,Mixed,79k
669,Stanford University,COURSE,4.7,Advanced,68k
670,University of London,COURSE,4.6,Beginner,36k
671,Eindhoven University of Technology,COURSE,4.8,Intermediate,39k
672,Duke University,COURSE,4.6,Beginner,250k
673,Duke University,COURSE,4.7,Beginner,19k
674,University of Michigan,COURSE,4.8,Mixed,1.3m
675,"University of California, Irvine",SPECIALIZATION,4.6,Intermediate,18k
676,"University of California, Irvine",COURSE,4.2,Beginner,70k
677,"University of California, Irvine",COURSE,4.7,Beginner,190k
678,"University of California, Irvine",SPECIALIZATION,4.6,Beginner,440k
679,"University of California, Irvine",SPECIALIZATION,4.7,Beginner,230k
680,Johns Hopkins University,COURSE,4.8,Mixed,190k
681,University of Virginia,COURSE,4.6,Beginner,52k
682,University of Michigan,COURSE,4.8,Beginner,110k
683,University of Michigan,COURSE,4.7,Intermediate,21k
684,University of Michigan,COURSE,4.9,Mixed,420k
685,University of Michigan,COURSE,4.8,Beginner,26k
686,The Hong Kong University of Science and Technology,COURSE,4.4,Intermediate,41k
687,IBM,COURSE,4.6,Beginner,170k
688,University of Michigan,SPECIALIZATION,4.8,Beginner,1.5m
689,University of Amsterdam,COURSE,4.7,Mixed,69k
690,University of Colorado System,COURSE,4.9,Beginner,3k
691,Johns Hopkins University,COURSE,4.6,Intermediate,480k
692,Institute for the Future,COURSE,4.8,Beginner,7.7k
693,University of Minnesota,SPECIALIZATION,4.3,Intermediate,29k
694,University of Minnesota,COURSE,4.7,Mixed,35k
695,University of Alberta,SPECIALIZATION,4.7,Intermediate,23k
696,Duke University,COURSE,4.7,Beginner,24k
697,ESSEC Business School,COURSE,4.7,Beginner,5.2k
698,University of Colorado System,SPECIALIZATION,4.6,Beginner,7.2k
699,The University of Edinburgh,COURSE,4.6,Mixed,16k
700,University of Minnesota,COURSE,4.8,Mixed,15k
701,"Goldsmiths, University of London",SPECIALIZATION,4.5,Beginner,170k
702,Universiteit Leiden,COURSE,4.9,Mixed,36k
703,Universidade Estadual de Campinas,COURSE,4.9,Intermediate,17k
704,University of Pennsylvania,SPECIALIZATION,4.4,Beginner,120k
705,Yale University,COURSE,4.9,Beginner,30k
706,Saint Petersburg State University,COURSE,4.7,Beginner,3.2k
707,Saint Petersburg State University,SPECIALIZATION,4.7,Beginner,7k
708,ESSEC Business School,COURSE,4.5,Mixed,33k
709,SAS,PROFESSIONAL CERTIFICATE,4.8,Beginner,370k
710,SAS,PROFESSIONAL CERTIFICATE,4.6,Beginner,2.6k
711,"University of California, Davis",COURSE,4.6,Beginner,160k
712,West Virginia University,SPECIALIZATION,4.4,Beginner,5.6k
713,HubSpot Academy,SPECIALIZATION,4.7,Beginner,16k
714,University of Alberta,COURSE,4.8,Intermediate,6.8k
715,Northwestern University,COURSE,4.5,Mixed,12k
716,University of Colorado System,SPECIALIZATION,4.8,Beginner,9.1k
717,University of Colorado Boulder,COURSE,4.8,Beginner,140k
718,"University of California, Davis",COURSE,4.7,Mixed,47k
719,"University of California, Davis",SPECIALIZATION,4.4,Intermediate,6.4k
720,Universiteit Leiden,COURSE,4.7,Beginner,14k
721,Google Cloud,SPECIALIZATION,4.7,Intermediate,300k
722,University of Toronto,SPECIALIZATION,4.7,Advanced,39k
723,deeplearning.ai,COURSE,4.8,Intermediate,14k
724,Universidad de los Andes,COURSE,4.8,Beginner,110k
725,California Institute of the Arts,COURSE,4.7,Beginner,61k
726,Google Cloud,COURSE,4.5,Advanced,16k
727,University System of Georgia,SPECIALIZATION,4.7,Intermediate,18k
728,University System of Georgia,COURSE,4.7,Intermediate,15k
729,University of Michigan,COURSE,4.8,Beginner,20k
730,École Polytechnique Fédérale de Lausanne,COURSE,4.6,Beginner,22k
731,Copenhagen Business School,SPECIALIZATION,4.6,Beginner,13k
732,Northwestern University,SPECIALIZATION,4.6,Beginner,130k
733,University of Pennsylvania,COURSE,4.6,Beginner,78k
734,Columbia University,SPECIALIZATION,4.8,Beginner,4.2k
735,Wesleyan University,COURSE,4.7,Beginner,220k
736,Stanford University,COURSE,4.8,Advanced,42k
737,University of Alberta,SPECIALIZATION,4.6,Beginner,60k
738,University of Minnesota,SPECIALIZATION,4.6,Intermediate,34k
739,University of Alberta,COURSE,4.7,Mixed,60k
740,University of Alberta,SPECIALIZATION,4.6,Beginner,110k
741,The State University of New York,COURSE,4.8,Beginner,17k
742,Berklee College of Music,COURSE,4.8,Beginner,68k
743,Crece con Google,PROFESSIONAL CERTIFICATE,4.9,Beginner,8.8k
744,University of Colorado Boulder,SPECIALIZATION,4.8,Advanced,12k
745,"University of California, Davis",COURSE,4.6,Beginner,71k
746,Georgia Institute of Technology,COURSE,4.6,Mixed,430k
747,Northwestern University,COURSE,4.7,Intermediate,12k
748,Duke University,COURSE,4.8,Mixed,16k
749,Stanford University,COURSE,4.7,Beginner,370k
750,Stanford University,COURSE,4.7,Beginner,17k
751,Imperial College London,SPECIALIZATION,4.7,Beginner,16k
752,University of Michigan,SPECIALIZATION,4.6,Beginner,34k
753,Duke University,SPECIALIZATION,4.7,Beginner,220k
754,Stanford University,COURSE,4.9,Intermediate,28k
755,ESSEC Business School,SPECIALIZATION,4.3,Advanced,60k
756,"University of California, Irvine",COURSE,4.7,Beginner,9.5k
757,University of Illinois at Urbana-Champaign,SPECIALIZATION,4.7,Beginner,100k
758,Copenhagen Business School,COURSE,4.7,Mixed,58k
759,Copenhagen Business School,SPECIALIZATION,4.7,Beginner,68k
760,Fundação Instituto de Administração,SPECIALIZATION,4.5,Intermediate,9.2k
761,Macquarie University,SPECIALIZATION,4.8,Intermediate,30k
762,IESE Business School,COURSE,4.6,Beginner,11k
763,deeplearning.ai,COURSE,4.8,Beginner,220k
764,University of Pennsylvania,COURSE,4.8,Beginner,38k
765,University of Michigan,COURSE,4.8,Mixed,750k
766,Johns Hopkins University,COURSE,4.8,Beginner,11k
767,Rutgers the State University of New Jersey,COURSE,4.7,Beginner,7.9k
768,New York Institute of Finance,SPECIALIZATION,4.6,Intermediate,4.9k
769,Rutgers the State University of New Jersey,COURSE,4.7,Beginner,66k
770,Rutgers the State University of New Jersey,SPECIALIZATION,4.7,Beginner,82k
771,Rutgers the State University of New Jersey,COURSE,4.8,Beginner,24k
772,Georgia Institute of Technology,COURSE,4.6,Mixed,29k
773,UCL Institute of Education,COURSE,4.8,Mixed,50k
774,"University of Maryland, College Park",SPECIALIZATION,4.3,Beginner,45k
775,University of Copenhagen,COURSE,4.6,Beginner,9.4k
776,LearnQuest,SPECIALIZATION,4.5,Beginner,3.9k
777,Google,COURSE,4.7,Beginner,62k
778,Icahn School of Medicine at Mount Sinai,SPECIALIZATION,4.4,Intermediate,48k
779,Johns Hopkins University,COURSE,4.9,Mixed,33k
780,Arizona State University,SPECIALIZATION,4.9,Beginner,100k
781,Arizona State University,SPECIALIZATION,4.9,Beginner,62k
782,Arizona State University,COURSE,4.9,Mixed,81k
783,Arizona State University,COURSE,4.4,Intermediate,8.5k
784,Relay Graduate School of Education,COURSE,4.8,Mixed,53k
785,University of Colorado Boulder,COURSE,4.8,Beginner,49k
786,Google,COURSE,4.8,Beginner,280k
787,deeplearning.ai,SPECIALIZATION,4.7,Intermediate,170k
788,deeplearning.ai,SPECIALIZATION,4.5,Intermediate,12k
789,Universiteit Leiden,COURSE,4.8,Beginner,90k
790,Emory University,COURSE,4.6,Beginner,130k
791,Berklee College of Music,COURSE,4.8,Intermediate,47k
792,Northwestern University,SPECIALIZATION,4.7,Beginner,23k
793,University of Toronto,COURSE,4.5,Beginner,73k
794,Google,COURSE,4.7,Beginner,130k
795,University of Pennsylvania,SPECIALIZATION,4.6,Beginner,22k
796,Berklee College of Music,SPECIALIZATION,4.8,Beginner,84k
797,Universiteit Leiden,COURSE,4.7,Intermediate,23k
798,"University of Maryland, College Park",COURSE,4.8,Beginner,11k
799,Berklee College of Music,SPECIALIZATION,4.8,Beginner,120k
800,Johns Hopkins University,COURSE,4.6,Mixed,420k
801,University of Pennsylvania,COURSE,4.8,Mixed,7.2k
802,Yale University,COURSE,4.8,Mixed,84k
803,University of Florida,COURSE,4.9,Mixed,29k
804,"Birkbeck, University of London",COURSE,4.6,Mixed,47k
805,University of Virginia,COURSE,4.8,Beginner,130k
806,University of Virginia,COURSE,4.8,Beginner,47k
807,University of Pennsylvania,COURSE,4.9,Intermediate,9.4k
808,"University of California, Irvine",COURSE,4.6,Mixed,180k
809,"University of California, Irvine",COURSE,4.7,Mixed,120k
810,"University of California, Irvine",SPECIALIZATION,4.6,Beginner,1.7k
811,The Hong Kong University of Science and Technology,COURSE,4.6,Mixed,50k
812,American Museum of Natural History,COURSE,4.7,Intermediate,12k
813,University of Michigan,COURSE,4.8,Beginner,59k
814,University of Florida,COURSE,4.9,Beginner,13k
815,Yale University,COURSE,4.9,Mixed,2.5m
816,Berklee College of Music,SPECIALIZATION,4.8,Beginner,320k
817,University of Toronto,COURSE,4.6,Mixed,19k
818,"University of California, Davis",COURSE,4.5,Intermediate,100k
819,University of Copenhagen,COURSE,4.8,Beginner,26k
820,University of Colorado Boulder,SPECIALIZATION,4.7,Beginner,5.2k
821,Berklee College of Music,COURSE,4.8,Beginner,28k
822,The University of Edinburgh,COURSE,4.7,Mixed,33k
823,École des Ponts ParisTech,COURSE,4.7,Beginner,14k
824,Duke University,COURSE,4.6,Beginner,200k
825,IBM,COURSE,4.6,Beginner,120k
826,Indian School of Business,SPECIALIZATION,4.3,Beginner,68k
827,UNSW Sydney (The University of New South Wales),COURSE,4.8,Mixed,45k
828,"University of California, Irvine",COURSE,4.7,Beginner,110k
829,University of Geneva,COURSE,4.9,Intermediate,5.4k
830,University of Illinois at Urbana-Champaign,SPECIALIZATION,4.8,Intermediate,12k
831,"University of California, Irvine",PROFESSIONAL CERTIFICATE,4.6,Beginner,44k
832,California Institute of the Arts,SPECIALIZATION,4.7,Beginner,68k
833,California Institute of the Arts,COURSE,4.8,Beginner,25k
834,Johns Hopkins University,COURSE,4.8,Beginner,29k
835,University of Cape Town,COURSE,4.8,Mixed,78k
836,Stanford University,COURSE,4.9,Beginner,89k
837,Yale University,COURSE,4.8,Beginner,24k
838,American Institute of Business and Economics,SPECIALIZATION,4.4,Intermediate,11k
839,Tel Aviv University,COURSE,4.8,Beginner,49k
840,SOAS University of London,COURSE,4.5,Mixed,120k
841,University of Michigan,COURSE,4.7,Beginner,30k
842,The University of Chicago,COURSE,4.9,Beginner,130k
843,Unity,SPECIALIZATION,4.5,Intermediate,6.1k
844,Unity,SPECIALIZATION,4.2,Beginner,12k
845,The University of Hong Kong,COURSE,4.8,Beginner,9.5k
846,University of Amsterdam,COURSE,4.9,Intermediate,3.9k
847,University of Michigan,SPECIALIZATION,4.8,Beginner,23k
848,University of Minnesota,SPECIALIZATION,4.6,Intermediate,43k
849,University of Michigan,COURSE,4.8,Mixed,220k
850,University of Michigan,COURSE,4.8,Mixed,310k
851,Google,COURSE,4.7,Beginner,19k
852,University of Illinois at Urbana-Champaign,SPECIALIZATION,4.7,Intermediate,63k
853,Atlassian,COURSE,4.8,Mixed,40k
854,University of Pennsylvania,COURSE,4.7,Mixed,150k
855,"Goldsmiths, University of London",SPECIALIZATION,4.7,Beginner,37k
856,"University of California, Irvine",SPECIALIZATION,4.3,Beginner,23k
857,University of Pennsylvania,COURSE,4.8,Mixed,190k
858,University of Michigan,SPECIALIZATION,4.8,Intermediate,120k
859,University of Michigan,SPECIALIZATION,4.7,Beginner,280k
860,Emory University,COURSE,4.7,Beginner,34k
861,The Museum of Modern Art,COURSE,4.7,Beginner,120k
862,UCL Institute of Education,COURSE,4.7,Mixed,35k
863,University of Pennsylvania,COURSE,4.8,Mixed,6.2k
864,IBM,COURSE,4.7,Beginner,260k
865,Northwestern University,COURSE,4.6,Mixed,94k
866,"University of California, Davis",COURSE,4.7,Beginner,32k
867,University of Pennsylvania,COURSE,4.8,Intermediate,17k
868,Michigan State University,COURSE,4.9,Beginner,12k
869,Georgia Institute of Technology,COURSE,4.7,Mixed,270k
870,Michigan State University,COURSE,4.4,Beginner,18k
871,Stanford University,COURSE,4.9,Beginner,140k
872,University of Illinois at Urbana-Champaign,COURSE,4.5,Mixed,17k
873,University of Toronto,SPECIALIZATION,3.9,Intermediate,76k
874,IESE Business School,COURSE,4.7,Beginner,25k
875,École Polytechnique,COURSE,4.8,Intermediate,190k
876,"University of California, Irvine",SPECIALIZATION,4.5,Beginner,69k
877,Saint Petersburg State University,SPECIALIZATION,4.6,Beginner,14k
878,E-Learning Development Fund,SPECIALIZATION,4.9,Intermediate,68k
879,National Research University Higher School of Economics,SPECIALIZATION,4.5,Beginner,16k
880,E-Learning Development Fund,COURSE,4.8,Beginner,67k
881,E-Learning Development Fund,SPECIALIZATION,4.7,Intermediate,77k
882,National Research University Higher School of Economics,SPECIALIZATION,4.5,Intermediate,19k
883,National Research University Higher School of Economics,COURSE,4.6,Beginner,83k
884,E-Learning Development Fund,COURSE,4.9,Intermediate,41k
885,Moscow Institute of Physics and Technology,COURSE,4.7,Intermediate,45k
886,Mail.Ru Group,SPECIALIZATION,4.5,Intermediate,52k
887,Saint Petersburg State University,COURSE,4.8,Mixed,21k
888,E-Learning Development Fund,SPECIALIZATION,4.5,Intermediate,30k
889,Saint Petersburg State University,SPECIALIZATION,4.6,Intermediate,9.8k
890,National Research University Higher School of Economics,SPECIALIZATION,4.7,Beginner,38k
